{"cameraMode":{"drawMode":0,"name":"Shaded","section":"Shading Mode"},"sceneLighting":false,"audioPlay":false,"sceneViewState":{"m_AlwaysRefresh":false,"showFog":true,"showSkybox":false,"showFlares":true,"showImageEffects":true,"showParticleSystems":true,"showVisualEffectGraphs":true,"m_FxEnabled":true},"in2DMode":false,"pivot":{"x":0.7822970151901245,"y":12.587345123291016,"z":-5.098024368286133},"rotation":{"x":0.5698531270027161,"y":0.004888555500656366,"z":-0.0028682358097285034,"w":0.8220345377922058},"size":0.8660253882408142,"orthographic":false}