{"cameraMode":{"drawMode":0,"name":"Shaded","section":"Shading Mode"},"sceneLighting":true,"audioPlay":false,"sceneViewState":{"m_AlwaysRefresh":false,"showFog":true,"showSkybox":true,"showFlares":true,"showImageEffects":true,"showParticleSystems":true,"showVisualEffectGraphs":true,"m_FxEnabled":true},"in2DMode":false,"pivot":{"x":4.136198997497559,"y":12.582834243774414,"z":-8.056124687194825},"rotation":{"x":0.4509681761264801,"y":-0.16512031853199006,"z":0.08606865257024765,"w":0.8731874227523804},"size":1.2247449159622193,"orthographic":false}