{"cameraMode":{"drawMode":0,"name":"Shaded","section":"Shading Mode"},"sceneLighting":false,"audioPlay":false,"sceneViewState":{"m_AlwaysRefresh":false,"showFog":true,"showSkybox":false,"showFlares":true,"showImageEffects":true,"showParticleSystems":true,"showVisualEffectGraphs":true,"m_FxEnabled":true},"in2DMode":false,"pivot":{"x":0.07894345372915268,"y":10.0414457321167,"z":-2.5301742553710939},"rotation":{"x":0.6132075786590576,"y":-0.018974142149090768,"z":0.015272684395313263,"w":0.7898662090301514},"size":0.8660253882408142,"orthographic":false}